{"cameraMode":{"drawMode":0,"name":"Shaded","section":"Shading Mode"},"sceneLighting":false,"audioPlay":false,"sceneViewState":{"showFog":true,"showMaterialUpdate":false,"showSkybox":true,"showFlares":true,"showImageEffects":true,"showParticleSystems":true},"in2DMode":false,"pivot":{"x":1.2230000495910645,"y":0.6159999966621399,"z":-0.8820000290870667},"rotation":{"x":0.5035896301269531,"y":-0.4897706210613251,"z":0.4415622353553772,"w":0.5583167672157288},"size":22.0,"orthographic":false}