{"cameraMode":{"drawMode":0,"name":"Shaded","section":"Shading Mode"},"sceneLighting":true,"audioPlay":false,"sceneViewState":{"showFog":true,"showMaterialUpdate":false,"showSkybox":true,"showFlares":true,"showImageEffects":true,"showParticleSystems":true},"in2DMode":false,"pivot":{"x":1.423145055770874,"y":1.5059906244277955,"z":0.5931610465049744},"rotation":{"x":0.15232710540294648,"y":0.633421003818512,"z":-0.12906065583229066,"w":0.7476143836975098},"size":0.6998251676559448,"orthographic":false}