{"cameraMode":{"drawMode":0,"name":"Shaded","section":"Shading Mode"},"sceneLighting":false,"audioPlay":false,"sceneViewState":{"showFog":true,"showMaterialUpdate":false,"showSkybox":true,"showFlares":true,"showImageEffects":true,"showParticleSystems":true},"in2DMode":false,"pivot":{"x":0.6449999809265137,"y":0.6819999814033508,"z":-0.07580000162124634},"rotation":{"x":0.35572314262390139,"y":0.6117420196533203,"z":-0.35678213834762576,"w":0.6099022030830383},"size":1.0443027019500733,"orthographic":false}