{"cameraMode":{"drawMode":0,"name":"Shaded","section":"Shading Mode"},"sceneLighting":true,"audioPlay":false,"sceneViewState":{"showFog":true,"showMaterialUpdate":false,"showSkybox":true,"showFlares":true,"showImageEffects":true,"showParticleSystems":true},"in2DMode":false,"pivot":{"x":1.0407718420028687,"y":0.543770432472229,"z":-0.261608362197876},"rotation":{"x":0.15086646378040315,"y":0.2434455305337906,"z":-0.03844068571925163,"w":0.9574218392372131},"size":0.8740512728691101,"orthographic":false}