{"cameraMode":{"drawMode":0,"name":"Shaded","section":"Shading Mode"},"sceneLighting":false,"audioPlay":false,"sceneViewState":{"showFog":true,"showMaterialUpdate":false,"showSkybox":true,"showFlares":true,"showImageEffects":true,"showParticleSystems":true},"in2DMode":false,"pivot":{"x":0.3658093214035034,"y":0.7876065969467163,"z":-0.01697409339249134},"rotation":{"x":0.09618879109621048,"y":0.6863941550254822,"z":-0.0924595296382904,"w":0.7149906754493713},"size":0.15622390806674958,"orthographic":false}